{
  "AAPL": {
    "updates": 4988,
    "weights": {
      "ppo": 0.047619047619047616,
      "momentum": 0.47619047619047616,
      "meanrev": 0.47619047619047616
    },
    "strategies": {
      "ppo": {
        "ema_ret": {
          "alpha": 0.1,
          "beta": 0.1,
          "mean": -0.003795131917687988,
          "var": 1.880790961315878e-37,
          "initialized": true
        },
        "hits": 618.0,
        "total": 4988.0
      },
      "momentum": {
        "ema_ret": {
          "alpha": 0.1,
          "beta": 0.1,
          "mean": -4.290319043536839e-48,
          "var": 5.427442246397081e-51,
          "initialized": true
        },
        "hits": 0.0,
        "total": 4988.0
      },
      "meanrev": {
        "ema_ret": {
          "alpha": 0.1,
          "beta": 0.1,
          "mean": -4.290319043536839e-48,
          "var": 5.427442246397081e-51,
          "initialized": true
        },
        "hits": 0.0,
        "total": 4988.0
      }
    }
  },
  "MSFT": {
    "updates": 4988,
    "weights": {
      "ppo": 0.047619047619047616,
      "momentum": 0.47619047619047616,
      "meanrev": 0.47619047619047616
    },
    "strategies": {
      "ppo": {
        "ema_ret": {
          "alpha": 0.1,
          "beta": 0.1,
          "mean": -0.01512099067895112,
          "var": 3.009265538105061e-36,
          "initialized": true
        },
        "hits": 0.0,
        "total": 4988.0
      },
      "momentum": {
        "ema_ret": {
          "alpha": 0.1,
          "beta": 0.1,
          "mean": -5.685517776906723e-106,
          "var": 2.8656887103205757e-108,
          "initialized": true
        },
        "hits": 0.0,
        "total": 4988.0
      },
      "meanrev": {
        "ema_ret": {
          "alpha": 0.1,
          "beta": 0.1,
          "mean": -5.685517776906723e-106,
          "var": 2.8656887103205757e-108,
          "initialized": true
        },
        "hits": 0.0,
        "total": 4988.0
      }
    }
  },
  "SPY": {
    "updates": 4985,
    "weights": {
      "ppo": 0.9090909090909091,
      "momentum": 0.045454545454545456,
      "meanrev": 0.045454545454545456
    },
    "strategies": {
      "ppo": {
        "ema_ret": {
          "alpha": 0.1,
          "beta": 0.1,
          "mean": 0.003280203010593618,
          "var": 1.880790961315663e-37,
          "initialized": true
        },
        "hits": 4873.0,
        "total": 4985.0
      },
      "momentum": {
        "ema_ret": {
          "alpha": 0.1,
          "beta": 0.1,
          "mean": 1.5786928566382076e-174,
          "var": 1.5945669499195834e-177,
          "initialized": true
        },
        "hits": 2.0,
        "total": 4985.0
      },
      "meanrev": {
        "ema_ret": {
          "alpha": 0.1,
          "beta": 0.1,
          "mean": 1.5786928566382076e-174,
          "var": 1.5945669499195834e-177,
          "initialized": true
        },
        "hits": 2.0,
        "total": 4985.0
      }
    }
  },
  "AMZN": {
    "updates": 4983,
    "weights": {
      "ppo": 0.9090909090909091,
      "momentum": 0.045454545454545456,
      "meanrev": 0.045454545454545456
    },
    "strategies": {
      "ppo": {
        "ema_ret": {
          "alpha": 0.1,
          "beta": 0.1,
          "mean": 0.09584492754129241,
          "var": 4.814824860968094e-33,
          "initialized": true
        },
        "hits": 4941.0,
        "total": 4983.0
      },
      "momentum": {
        "ema_ret": {
          "alpha": 0.1,
          "beta": 0.1,
          "mean": 2.842539152433437e-93,
          "var": 9.08143196994232e-95,
          "initialized": true
        },
        "hits": 4.0,
        "total": 4983.0
      },
      "meanrev": {
        "ema_ret": {
          "alpha": 0.1,
          "beta": 0.1,
          "mean": 2.842539152433437e-93,
          "var": 9.08143196994232e-95,
          "initialized": true
        },
        "hits": 4.0,
        "total": 4983.0
      }
    }
  },
  "NVDA": {
    "updates": 4986,
    "weights": {
      "ppo": 0.047619047619047616,
      "momentum": 0.47619047619047616,
      "meanrev": 0.47619047619047616
    },
    "strategies": {
      "ppo": {
        "ema_ret": {
          "alpha": 0.1,
          "beta": 0.1,
          "mean": -0.0019714815796129078,
          "var": 6.770868894696765e-36,
          "initialized": true
        },
        "hits": 944.0,
        "total": 4986.0
      },
      "momentum": {
        "ema_ret": {
          "alpha": 0.1,
          "beta": 0.1,
          "mean": -8.154004812761034e-39,
          "var": 5.358490096144462e-42,
          "initialized": true
        },
        "hits": 0.0,
        "total": 4986.0
      },
      "meanrev": {
        "ema_ret": {
          "alpha": 0.1,
          "beta": 0.1,
          "mean": -8.154004812761034e-39,
          "var": 5.358490096144462e-42,
          "initialized": true
        },
        "hits": 0.0,
        "total": 4986.0
      }
    }
  },
  "CRDO": {
    "updates": 4985,
    "weights": {
      "ppo": 0.9090909090909091,
      "momentum": 0.045454545454545456,
      "meanrev": 0.045454545454545456
    },
    "strategies": {
      "ppo": {
        "ema_ret": {
          "alpha": 0.1,
          "beta": 0.1,
          "mean": 0.126035293574641,
          "var": 2.773339119917624e-32,
          "initialized": true
        },
        "hits": 4970.0,
        "total": 4985.0
      },
      "momentum": {
        "ema_ret": {
          "alpha": 0.1,
          "beta": 0.1,
          "mean": 1.7672034509420745e-135,
          "var": 7.424333524853407e-137,
          "initialized": true
        },
        "hits": 3.0,
        "total": 4985.0
      },
      "meanrev": {
        "ema_ret": {
          "alpha": 0.1,
          "beta": 0.1,
          "mean": 1.7672034509420745e-135,
          "var": 7.424333524853407e-137,
          "initialized": true
        },
        "hits": 3.0,
        "total": 4985.0
      }
    }
  },
  "PLTR": {
    "updates": 4986,
    "weights": {
      "ppo": 0.9090909090909091,
      "momentum": 0.045454545454545456,
      "meanrev": 0.045454545454545456
    },
    "strategies": {
      "ppo": {
        "ema_ret": {
          "alpha": 0.1,
          "beta": 0.1,
          "mean": 0.030429185690479695,
          "var": 1.2037062152420243e-35,
          "initialized": true
        },
        "hits": 4929.0,
        "total": 4986.0
      },
      "momentum": {
        "ema_ret": {
          "alpha": 0.1,
          "beta": 0.1,
          "mean": 5.753924528887539e-89,
          "var": 5.836241264617467e-91,
          "initialized": true
        },
        "hits": 2.0,
        "total": 4986.0
      },
      "meanrev": {
        "ema_ret": {
          "alpha": 0.1,
          "beta": 0.1,
          "mean": 5.753924528887539e-89,
          "var": 5.836241264617467e-91,
          "initialized": true
        },
        "hits": 2.0,
        "total": 4986.0
      }
    }
  },
  "MTZ": {
    "updates": 4989,
    "weights": {
      "ppo": 0.047619047619047616,
      "momentum": 0.47619047619047616,
      "meanrev": 0.47619047619047616
    },
    "strategies": {
      "ppo": {
        "ema_ret": {
          "alpha": 0.1,
          "beta": 0.1,
          "mean": -0.04575832402793229,
          "var": 2.3592641818743653e-33,
          "initialized": true
        },
        "hits": 0.0,
        "total": 4989.0
      },
      "momentum": {
        "ema_ret": {
          "alpha": 0.1,
          "beta": 0.1,
          "mean": -4.853626406811502e-161,
          "var": 7.403126994447004e-163,
          "initialized": true
        },
        "hits": 0.0,
        "total": 4989.0
      },
      "meanrev": {
        "ema_ret": {
          "alpha": 0.1,
          "beta": 0.1,
          "mean": -4.853626406811502e-161,
          "var": 7.403126994447004e-163,
          "initialized": true
        },
        "hits": 0.0,
        "total": 4989.0
      }
    }
  },
  "ASML": {
    "updates": 4986,
    "weights": {
      "ppo": 0.047619047619047616,